R-landing-full-0s-33d37f49.png	reef	R-landing-full-0s	base=https://localhost:7222	sha=33d37f49
R-landing-full-2s-33d37f49.png	reef	R-landing-full-2s	base=https://localhost:7222	sha=33d37f49
R-landing-full-4s-33d37f49.png	reef	R-landing-full-4s	base=https://localhost:7222	sha=33d37f49
R-login-calm-0s-33d37f49.png	reef	R-login-calm-0s	base=https://localhost:7222	sha=33d37f49
R-login-calm-2s-33d37f49.png	reef	R-login-calm-2s	base=https://localhost:7222	sha=33d37f49
R-login-calm-4s-33d37f49.png	reef	R-login-calm-4s	base=https://localhost:7222	sha=33d37f49
R-landing-reduced-motion-33d37f49.png	reef	R-landing-reduced-motion	base=https://localhost:7222	sha=33d37f49
R-landing-full-0s-33d37f49.png	reef	R-landing-full-0s	base=https://localhost:7222	sha=33d37f49
R-landing-full-2s-33d37f49.png	reef	R-landing-full-2s	base=https://localhost:7222	sha=33d37f49
R-landing-full-4s-33d37f49.png	reef	R-landing-full-4s	base=https://localhost:7222	sha=33d37f49
R-login-calm-0s-33d37f49.png	reef	R-login-calm-0s	base=https://localhost:7222	sha=33d37f49
R-login-calm-2s-33d37f49.png	reef	R-login-calm-2s	base=https://localhost:7222	sha=33d37f49
R-login-calm-4s-33d37f49.png	reef	R-login-calm-4s	base=https://localhost:7222	sha=33d37f49
R-landing-reduced-motion-33d37f49.png	reef	R-landing-reduced-motion	base=https://localhost:7222	sha=33d37f49
R-landing-full-0s-33d37f49.png	reef	R-landing-full-0s	base=https://localhost:7222	sha=33d37f49
R-landing-full-2s-33d37f49.png	reef	R-landing-full-2s	base=https://localhost:7222	sha=33d37f49
R-landing-full-4s-33d37f49.png	reef	R-landing-full-4s	base=https://localhost:7222	sha=33d37f49
R-login-calm-0s-33d37f49.png	reef	R-login-calm-0s	base=https://localhost:7222	sha=33d37f49
R-login-calm-2s-33d37f49.png	reef	R-login-calm-2s	base=https://localhost:7222	sha=33d37f49
R-login-calm-4s-33d37f49.png	reef	R-login-calm-4s	base=https://localhost:7222	sha=33d37f49
R-landing-reduced-motion-33d37f49.png	reef	R-landing-reduced-motion	base=https://localhost:7222	sha=33d37f49
R-landing-full-0s-33d37f49.png	reef	R-landing-full-0s	base=https://localhost:7222	sha=33d37f49
R-landing-full-2s-33d37f49.png	reef	R-landing-full-2s	base=https://localhost:7222	sha=33d37f49
R-landing-full-4s-33d37f49.png	reef	R-landing-full-4s	base=https://localhost:7222	sha=33d37f49
R-login-calm-0s-33d37f49.png	reef	R-login-calm-0s	base=https://localhost:7222	sha=33d37f49
R-login-calm-2s-33d37f49.png	reef	R-login-calm-2s	base=https://localhost:7222	sha=33d37f49
R-login-calm-4s-33d37f49.png	reef	R-login-calm-4s	base=https://localhost:7222	sha=33d37f49
R-landing-reduced-motion-33d37f49.png	reef	R-landing-reduced-motion	base=https://localhost:7222	sha=33d37f49
R-landing-full-0s-4d01e2ec.png	reef	R-landing-full-0s	base=http://localhost:5018	sha=4d01e2ec
R-landing-full-2s-4d01e2ec.png	reef	R-landing-full-2s	base=http://localhost:5018	sha=4d01e2ec
R-landing-full-4s-4d01e2ec.png	reef	R-landing-full-4s	base=http://localhost:5018	sha=4d01e2ec
R-login-calm-0s-4d01e2ec.png	reef	R-login-calm-0s	base=http://localhost:5018	sha=4d01e2ec
R-login-calm-2s-4d01e2ec.png	reef	R-login-calm-2s	base=http://localhost:5018	sha=4d01e2ec
R-login-calm-4s-4d01e2ec.png	reef	R-login-calm-4s	base=http://localhost:5018	sha=4d01e2ec
R-landing-reduced-motion-4d01e2ec.png	reef	R-landing-reduced-motion	base=http://localhost:5018	sha=4d01e2ec
R-landing-full-0s-9966971a.png	reef	R-landing-full-0s	base=http://localhost:5018	sha=9966971a
R-landing-full-2s-9966971a.png	reef	R-landing-full-2s	base=http://localhost:5018	sha=9966971a
R-landing-full-4s-9966971a.png	reef	R-landing-full-4s	base=http://localhost:5018	sha=9966971a
R-login-calm-0s-9966971a.png	reef	R-login-calm-0s	base=http://localhost:5018	sha=9966971a
R-login-calm-2s-9966971a.png	reef	R-login-calm-2s	base=http://localhost:5018	sha=9966971a
R-login-calm-4s-9966971a.png	reef	R-login-calm-4s	base=http://localhost:5018	sha=9966971a
R-landing-reduced-motion-9966971a.png	reef	R-landing-reduced-motion	base=http://localhost:5018	sha=9966971a
