A1-source-grid-desktop-light-33d37f49.png	sliceA	A1-source-grid-desktop-light	base=https://localhost:7222	sha=33d37f49
A1-source-grid-desktop-dark-33d37f49.png	sliceA	A1-source-grid-desktop-dark	base=https://localhost:7222	sha=33d37f49
A2-source-grid-mobile-33d37f49.png	sliceA	A2-source-grid-mobile	base=https://localhost:7222	sha=33d37f49
A1-source-grid-desktop-light-33d37f49.png	sliceA	A1-source-grid-desktop-light	base=https://localhost:7222	sha=33d37f49
A1-source-grid-desktop-dark-33d37f49.png	sliceA	A1-source-grid-desktop-dark	base=https://localhost:7222	sha=33d37f49
A2-source-grid-mobile-33d37f49.png	sliceA	A2-source-grid-mobile	base=https://localhost:7222	sha=33d37f49
A1-source-grid-desktop-light-33d37f49.png	sliceA	A1-source-grid-desktop-light	base=https://localhost:7222	sha=33d37f49
A1-source-grid-desktop-dark-33d37f49.png	sliceA	A1-source-grid-desktop-dark	base=https://localhost:7222	sha=33d37f49
A2-source-grid-mobile-33d37f49.png	sliceA	A2-source-grid-mobile	base=https://localhost:7222	sha=33d37f49
A1-source-grid-desktop-light-4d01e2ec.png	sliceA	A1-source-grid-desktop-light	base=http://localhost:5018	sha=4d01e2ec
A1-source-grid-desktop-dark-4d01e2ec.png	sliceA	A1-source-grid-desktop-dark	base=http://localhost:5018	sha=4d01e2ec
A2-source-grid-mobile-4d01e2ec.png	sliceA	A2-source-grid-mobile	base=http://localhost:5018	sha=4d01e2ec
A3-quickbooks-selected-helper-4d01e2ec.png	sliceA	A3-quickbooks-selected-helper	base=http://localhost:5018	sha=4d01e2ec
A1-source-grid-desktop-light-4d01e2ec.png	sliceA	A1-source-grid-desktop-light	base=http://localhost:5018	sha=4d01e2ec
A1-source-grid-desktop-dark-4d01e2ec.png	sliceA	A1-source-grid-desktop-dark	base=http://localhost:5018	sha=4d01e2ec
A2-source-grid-mobile-4d01e2ec.png	sliceA	A2-source-grid-mobile	base=http://localhost:5018	sha=4d01e2ec
A3-quickbooks-selected-helper-4d01e2ec.png	sliceA	A3-quickbooks-selected-helper	base=http://localhost:5018	sha=4d01e2ec
A1-source-grid-desktop-light-9966971a.png	sliceA	A1-source-grid-desktop-light	base=http://localhost:5018	sha=9966971a
A1-source-grid-desktop-dark-9966971a.png	sliceA	A1-source-grid-desktop-dark	base=http://localhost:5018	sha=9966971a
A2-source-grid-mobile-9966971a.png	sliceA	A2-source-grid-mobile	base=http://localhost:5018	sha=9966971a
A3-quickbooks-selected-helper-9966971a.png	sliceA	A3-quickbooks-selected-helper	base=http://localhost:5018	sha=9966971a
